{"cameraMode":{"drawMode":0,"name":"Shaded","section":"Shading Mode"},"sceneLighting":true,"audioPlay":false,"sceneViewState":{"showFog":true,"showMaterialUpdate":false,"showSkybox":true,"showFlares":true,"showImageEffects":true,"showParticleSystems":true},"in2DMode":false,"pivot":{"x":1.8118896484375,"y":-2.1069984436035158,"z":0.9635286331176758},"rotation":{"x":0.24152952432632447,"y":-0.6443555355072022,"z":0.2256864607334137,"w":0.6895915269851685},"size":31.023462295532228,"orthographic":false}