{"cameraMode":{"drawMode":0,"name":"Shaded","section":"Shading Mode"},"sceneLighting":true,"audioPlay":false,"sceneViewState":{"showFog":true,"showMaterialUpdate":true,"showSkybox":true,"showFlares":true,"showImageEffects":true,"showParticleSystems":true},"in2DMode":false,"pivot":{"x":0.04284381866455078,"y":1.8449628353118897,"z":0.04353952407836914},"rotation":{"x":0.1312233805656433,"y":-0.8569589257240295,"z":0.2673419117927551,"w":0.42063334584236147},"size":7.517602443695068,"orthographic":false}